Environment,Method,Reward (median),Reward (mean ± std),Viol Rate,Mod Rate,Total Viol,Total Mod
CartPole-v1,PPO (Unshielded),186.30,193.57 ± 25.70,0.0184 ± 0.0032,0.0000 ± 0.0000,357.1 ± 81.2,0.0 ± 0.0
CartPole-v1,PPO + Reward Shaping,233.77,218.64 ± 68.23,0.0246 ± 0.0226,0.0000 ± 0.0000,455.8 ± 284.1,0.0 ± 0.0
CartPole-v1,PPO + Semantic Loss,255.97,253.55 ± 88.87,0.0177 ± 0.0127,0.0000 ± 0.0000,367.2 ± 174.9,0.0 ± 0.0
CartPole-v1,PPO + Action Mask,170.10,171.90 ± 16.30,0.0539 ± 0.0046,0.0539 ± 0.0046,925.3 ± 105.3,925.3 ± 105.3
CartPole-v1,PPO + Pre-emptive (Soft),233.81,231.31 ± 32.91,0.0141 ± 0.0056,0.0114 ± 0.0045,312.0 ± 103.6,252.7 ± 82.3
CartPole-v1,PPO + Pre-emptive (Hard),238.83,269.68 ± 115.25,0.0279 ± 0.0424,0.0279 ± 0.0424,479.1 ± 438.8,479.1 ± 438.8
CartPole-v1,PPO + Layer (Soft),220.19,263.89 ± 100.60,0.0128 ± 0.0067,0.0104 ± 0.0053,275.2 ± 92.3,224.7 ± 72.0
CartPole-v1,PPO + Layer (Hard),152.33,180.60 ± 146.48,0.0531 ± 0.0492,0.0531 ± 0.0492,419.7 ± 373.5,419.7 ± 373.5
CartPole-v1,CMDP,138.10,162.21 ± 90.31,0.0102 ± 0.0077,0.0000 ± 0.0000,108.0 ± 50.5,0.0 ± 0.0
